{
  "Hexapods": [
    {
      "HexapodId": 0,
      "Positions": {
        "Home": {
          "X": 4.64,
          "Y": 0,
          "Z": 0,
          "U": 0,
          "V": 0,
          "W": 0
        },
        "LensGrip": {
          "X": -6.08999663443,
          "Y": 2.92999619022,
          "Z": -1.20000025904,
          "U": -1.99999197032,
          "V": 3.34932907192E-06,
          "W": 9.17216326305E-07
        },
        "ApproachLensGrip": {
          "X": -2.09000245803,
          "Y": 2.92999264874,
          "Z": -1.19999968196,
          "U": -1.99999548617,
          "V": 2.90553782178E-06,
          "W": -2.71968061736E-06
        },
        "LensPlace": {
          "X": -5.65999270171,
          "Y": -4.5300007137,
          "Z": -0.769998900159,
          "U": 7.18280958191E-06,
          "V": 1.13312341335E-06,
          "W": -2.6778908085E-06
        },
        "LensPlaceCalculated": {
          "X": -5.51519997172,
          "Y": -4.63578319827,
          "Z": 1.60813985059,
          "U": -2.20006489923,
          "V": 0.800001084294,
          "W": -0.300306716562
        },
        "ApproachLensPlace": {
          "X": -1.35999764493,
          "Y": -4.69999946624,
          "Z": -0.599998962525,
          "U": 1.33923973426E-06,
          "V": 4.19133689255E-07,
          "W": 3.2009685986E-06
        },
        "LeftSeeProbe": {
          "X": 4.64000259568,
          "Y": 7.99999455736,
          "Z": 9.06757038239E-07,
          "U": -3.00585124105E-07,
          "V": -1.23806818896E-06,
          "W": -9.27301552865E-07
        },
        "AvoidDispenser": {
          "X": 4.64000259568,
          "Y": 7.99999455736,
          "Z": 9.06757038239E-07,
          "U": -3.00585124105E-07,
          "V": -1.23806818896E-06,
          "W": -9.27301552865E-07
        },
        "RejectLens": {
          "X": -5.45999115716,
          "Y": 6.47999152385,
          "Z": -1.95999860022,
          "U": -1.99999585543,
          "V": 0.900002185505,
          "W": 4.74769000822E-06
        },
        "ParkInside": {
          "X": 4.63999793546,
          "Y": -9.00000350943,
          "Z": -7.98607480694E-07,
          "U": -4.03627312681E-07,
          "V": -2.17236832962E-07,
          "W": -2.42460431633E-06
        }
      }
    },
    {
      "HexapodId": 1,
      "Positions": {
        "Home": {
          "X": 0,
          "Y": 0,
          "Z": 0,
          "U": 0,
          "V": 0,
          "W": 0
        }
      }
    },
    {
      "HexapodId": 2,
      "Positions": {
        "Home": {
          "X": 4.64000065912,
          "Y": 3.47536842903E-07,
          "Z": -1.20000006747,
          "U": 3.42387907228E-06,
          "V": 1.87408049548E-08,
          "W": -3.11023641614E-06
        },
        "LensGrip": {
          "X": -5.49001460927,
          "Y": -1.53998833002,
          "Z": -0.555001936079,
          "U": 7.23545049825E-06,
          "V": -1.02260538382E-05,
          "W": 2.41795582394E-05
        },
        "ApproachLensGrip": {
          "X": -1.49000823814,
          "Y": -1.53998667454,
          "Z": -0.604999704568,
          "U": 8.64888958725E-06,
          "V": -9.74635495712E-06,
          "W": 2.50795574299E-05
        },
        "LensPlace": {
          "X": -5.14999760186,
          "Y": 6.19501221314,
          "Z": -0.909995985147,
          "U": 4.2689751825E-06,
          "V": -1.20000550397,
          "W": 2.27090281856E-05
        },
        "LensPlaceCalculated": {
          "X": -4.7,
          "Y": 6.11422733122,
          "Z": -0.420000661858,
          "U": 0.300003252167,
          "V": -1.50000872761,
          "W": 3.80317099267E-06
        },
        "ApproachLensPlace": {
          "X": -1.49000485032,
          "Y": 6.26001275343,
          "Z": -0.604999056792,
          "U": 9.78304611427E-06,
          "V": -7.84951300644E-06,
          "W": 2.54647593428E-05
        },
        "AvoidDispenser": {
          "X": 4.64000497644,
          "Y": -7.99999744005,
          "Z": -1.19999947306,
          "U": 3.43848528513E-06,
          "V": 1.7169072186E-06,
          "W": -1.19761986177E-06
        },
        "RightSeeProbe": {
          "X": 4.64000497644,
          "Y": -7.99999744005,
          "Z": -1.19999947306,
          "U": 3.43848528513E-06,
          "V": 1.7169072186E-06,
          "W": -1.19761986177E-06
        },
        "RejectLens": {
          "X": -4.58001447786,
          "Y": -4.65998877318,
          "Z": -3.20000026492,
          "U": -2.84481264391E-06,
          "V": -6.85825729962E-06,
          "W": 6.12304605711E-06
        },
        "ParkInside": {
          "X": 4.63999624681,
          "Y": 8.99999991038,
          "Z": -4.84141603403E-07,
          "U": -2.46927880634E-06,
          "V": -5.38954141954E-07,
          "W": -2.08072039627E-06
        }
      }
    }
  ],
  "Gantries": [
    {
      "GantryId": 3,
      "Positions": {
        "Home": {
          "X": 3,
          "Y": 3,
          "Z": 12,
          "U": 0,
          "V": 0,
          "W": 0
        },
        "UV": {
          "X": 142.31500000000096,
          "Y": 75.8760000000001,
          "Z": 47.6747647809102,
          "U": 0,
          "V": 0,
          "W": 0
        },
        "Dispense1": {
          "X": 71.84531250000003,
          "Y": 93.01562499999993,
          "Z": 41.54476478091019,
          "U": 0,
          "V": 0,
          "W": 0
        },
        "Dispense1Safe": {
          "X": 71.2,
          "Y": 93.7,
          "Z": 30.7447647809103,
          "U": 0,
          "V": 0,
          "W": 0
        },
        "Dispense2": {
          "X": 76.97421875,
          "Y": 92.86328125,
          "Z": 42.29476478091029,
          "U": 0,
          "V": 0,
          "W": 0
        },
        "Dispense2Safe": {
          "X": 76.4,
          "Y": 92.6,
          "Z": 30.8447647809103,
          "U": 0,
          "V": 0,
          "W": 0
        },
        "PreDispense": {
          "X": 71.1,
          "Y": 93.7,
          "Z": 25,
          "U": 0,
          "V": 0,
          "W": 0
        },
        "MidFront": {
          "X": 138.8,
          "Y": 75.7,
          "Z": 8.2447644116136,
          "U": 0,
          "V": 0,
          "W": 0
        },
        "MidCenter": {
          "X": 143.2,
          "Y": 75.7,
          "Z": 8.2447644116136,
          "U": 0,
          "V": 0,
          "W": 0
        },
        "MidBack": {
          "X": 109.99,
          "Y": 3,
          "Z": 8,
          "U": 0,
          "V": 0,
          "W": 0
        },
        "SeeSLED": {
          "X": 171.49535000000003,
          "Y": 78.41841375000001,
          "Z": 10.8447647809103,
          "U": 0,
          "V": 0,
          "W": 0
        },
        "SeePIC": {
          "X": 179.25231000000002,
          "Y": 79.64565375000001,
          "Z": 10.8447647809103,
          "U": 0,
          "V": 0,
          "W": 0
        },
        "SeeGripCollLens": {
          "X": 172.73535,
          "Y": 87.12249375000002,
          "Z": 10.8447647809103,
          "U": 0,
          "V": 0,
          "W": 0
        },
        "SeeGripFocusLens": {
          "X": 177.54159,
          "Y": 87.29133375000004,
          "Z": 10.8447647809103,
          "U": 0,
          "V": 0,
          "W": 0
        },
        "SeeFocusLens": {
          "X": 178.02599,
          "Y": 79.18781375000005,
          "Z": 10.8447647809103,
          "U": 0,
          "V": 0,
          "W": 0
        },
        "SeeCollimateLens": {
          "X": 173.05775000000003,
          "Y": 79.34325375000004,
          "Z": 10.8447647809103,
          "U": 0,
          "V": 0,
          "W": 0
        },
        "Fiducial1": {
          "X": 174.20847000000003,
          "Y": 82.25385375000005,
          "Z": 11.8447647809103,
          "U": 0,
          "V": 0,
          "W": 0
        },
        "Fiducial2": {
          "X": 174.20599,
          "Y": 77.75313375000005,
          "Z": 11.8447647809103,